                  epoch,         train/box_loss,         train/cls_loss,         train/dfl_loss,   metrics/precision(B),      metrics/recall(B),       metrics/mAP50(B),    metrics/mAP50-95(B),           val/box_loss,           val/cls_loss,           val/dfl_loss,                 lr/pg0,                 lr/pg1,                 lr/pg2
                      1,                 1.3004,                 1.8342,                 1.4297,                0.61966,                0.66941,                0.66999,                0.41772,                 1.2843,                 1.3655,                 1.4621,             0.00023624,             0.00023624,             0.00023624
                      2,                 1.2378,                 1.2242,                 1.3697,                0.69803,                0.66554,                0.70253,                0.44746,                 1.2442,                 1.1858,                 1.4166,             0.00038034,             0.00038034,             0.00038034
                      3,                 1.2144,                 1.1385,                 1.3596,                0.67723,                0.70638,                0.72582,                0.45886,                 1.2634,                 1.1435,                 1.4351,             0.00043019,             0.00043019,             0.00043019
                      4,                  1.177,                 1.0318,                 1.3368,                0.75811,                0.72462,                0.76162,                0.50215,                 1.1753,                0.97284,                 1.3539,             0.00028988,             0.00028988,             0.00028988
                      5,                 1.1541,                0.98425,                 1.3294,                0.73849,                0.74085,                0.76107,                0.50569,                 1.1718,                0.92595,                 1.3675,             0.00028988,             0.00028988,             0.00028988
